joelajabin2814@gmail.com:pennylodaossie
caxangla031@gmail.com:caxangla
oustingguarante68695@gmail.com:dala3333
cakangxa046@gmail.com:cakangxa
caxangla024@gmail.com:caxangla
pughfelicsair7650@gmail.com:diazelvynshena
pinkintheaa002@gmail.com:pinkintheaa
denbonatka9302@gmail.com:flosisusypeck
riviodeencelia7711@gmail.com:tomesongfried
sowerkeliyauco1601@gmail.com:kennamundt
kelladorrmilly3133@gmail.com:rafasumasnysa
dongphonghighwin882005@gmail.com:tuan8888
moxeedawes6320@gmail.com:taberchooboys
hidoflamingo006@gmail.com:hidoflamingo
agnespoi5018@gmail.com:agnespoi
rautanggia3809@gmail.com:rautanggia
aftondalis4895@gmail.com:janikloree
thestoreabc004@gmail.com:thestoreabc
drewfortabower1969@gmail.com:lightschou
troubledose335@gmail.com:troubledose
dwyerarica8486@gmail.com:zoietinyamaxma
gotoeverydaylook144@gmail.com:gotoeverydaylook
tsannealbyram2984@gmail.com:creanancodixie
julesfawngantt8299@gmail.com:aggikottogwen
yingtodayandtime558@gmail.com:yingtodayandtime
pinkintheaa008@gmail.com:pinkintheaa
prettydose161@gmail.com:prettydose
phamhoangnam97721@gmail.com:go091295
puettdesma2512@gmail.com:nanileboedmon
karbalikasylas6226@gmail.com:ocanabunncrewe
proplemdose200@gmail.com:proplemdose
nguyenvanhai97720@gmail.com:go091295
nguyenquocphong76222@gmail.com:go091295
vincerflatwithnews580@gmail.com:vincerflatwithnews
pinkintheaa066@gmail.com:pinkintheaa
grandlawry9577@gmail.com:oblakettimamou
akiakshiro7319@gmail.com:kirashiaudorr
agnespoi5009@gmail.com:agnespoi
maigalhary1893@gmail.com:myrnaravid
phylmidisarock4304@gmail.com:leylanatie
oustingguarante6868@gmail.com:dala3333
pinkintheaa026@gmail.com:pinkintheaa
mamerhinemaggi3303@gmail.com:tefftjoshhusch
proplemdose306@gmail.com:proplemdose
caxangla005@gmail.com:caxangla
phylmidisarock3361@gmail.com:leylanatie
aliyahpoi8015@gmail.com:aliyahpoi
breepatonsalem4663@gmail.com:zinnneilsjuni
nikokweipaxon2910@gmail.com:lattajelmseena
cathatoyah5149@gmail.com:fagencrinress
winerstaci2218@gmail.com:bankcatigarry
favoritedose097@gmail.com:favoritedose
challerdose201@gmail.com:challerdose
ambiefayeneche3699@gmail.com:peersissyoona
fallscohllonny8256@gmail.com:kenjiozenhasty
browngreenabc509@gmail.com:browngreenabc
camuylopez8805@gmail.com:darbylittnassi
gotoeverydaylook179@gmail.com:gotoeverydaylook
kindesayer2013@gmail.com:bowrabloch
trafficdose400@gmail.com:trafficdose
milanheyer6322@gmail.com:ettyluntvanny
pinkintheaa004@gmail.com:pinkintheaa
dailydose602@gmail.com:dailydose
bluechicabc206@gmail.com:bluechicabc
thuongngaynang882005@gmail.com:tuan8888
gotoeverydaylook163@gmail.com:gotoeverydaylook
wherewigo031@gmail.com:wherewigo
sibbykeefe8421@gmail.com:ocanashana
prettydose149@gmail.com:prettydose
pawongza070@gmail.com:pawongza
phamanhtho98720@gmail.com:go091295
elevathorbelak9309@gmail.com:fruintanya
hangrala004@gmail.com:hangrala
jegaramirsugar8181@gmail.com:cruzliladosh
chengnolaaymer5525@gmail.com:catieorest
coraymoonerny5701@gmail.com:ambiekenaz
troubledose340@gmail.com:troubledose
vivletaran9249@gmail.com:orpahobion
wherewigo061@gmail.com:wherewigo
udelegenarizzo5514@gmail.com:alseaangie
thalamnguoicodon88@gmail.com:go091295
akiakshiro7464@gmail.com:kirashiaudorr
onemomanno6928@gmail.com:urbashanae
favoritedose082@gmail.com:favoritedose
kinnydossorji1782@gmail.com:breakeilykline
kemdringabc500@gmail.com:kemdringabc
laruemyrta4003@gmail.com:beccakucik
pawongza033@gmail.com:pawongza
bluebabgegeinsky763@gmail.com:bluebabgegeinsky
cartoondose287@gmail.com:cartoondose
abnercarnrheta7471@gmail.com:lubajonnaweeks
speerwendt5237@gmail.com:votawranadorca
thilljohns6989@gmail.com:borustacizinck
homethemeanonegro784@gmail.com:homethemeanonegro
torobestsellerolo119@gmail.com:torobestsellerolo
vabaqeng005@gmail.com:vabaqeng
favoritedose093@gmail.com:favoritedose
sheddabell2567@gmail.com:barytrouplomax
alseaorlan7428@gmail.com:grankylemalik
susiadabc405@gmail.com:susiadabc
quickkoala7973@gmail.com:dala3333
coitraganpuff8472@gmail.com:montemokodowns
proplemdose210@gmail.com:proplemdose
batajang033@gmail.com:batajang
schooldose330@gmail.com:schooldose
elieharodfiden1649@gmail.com:aronafaxun
cathatoyah9637@gmail.com:fagencrinress
nikkigolda3389@gmail.com:tubackathy
thecakeabc007@gmail.com:thecakeabc
appletchao6759@gmail.com:ublynilanile
nguyenphuonganh8727@gmail.com:go091295
bluechicabc510@gmail.com:bluechicabc
supaiodinerika6334@gmail.com:onfreodlocolin
luckymarabc201@gmail.com:luckymarabc
hemiqeenabc201@gmail.com:hemiqeenabc
khongphaianhdungkhong73@gmail.com:go091295
gibunjusttroth6714@gmail.com:humehattichute
alidapoi7018@gmail.com:alidapoi
moxeedawes3102@gmail.com:taberchooboys
margispain4833@gmail.com:tineboonetrelu
luckymarabc300@gmail.com:luckymarabc
batajang036@gmail.com:batajang
proplemdose300@gmail.com:proplemdose
cakangxa013@gmail.com:cakangxa
magicintheaa014@gmail.com:magicintheaa
hauckyancy7250@gmail.com:brynadulce
prettydose163@gmail.com:prettydose
jobefroidnetty7333@gmail.com:blochornacoden
kemdringabc308@gmail.com:kemdringabc
bluechicabc506@gmail.com:bluechicabc
enjoydose200@gmail.com:enjoydose
chitieuquada503@gmail.com:hiep9999
ambiefayeneche7945@gmail.com:peersissyoona
acacialkjh1022@gmail.com:acacialkjh
milanheyer5624@gmail.com:ettyluntvanny
pinkintheaa056@gmail.com:pinkintheaa
proplemdose304@gmail.com:proplemdose
acacialkjh1038@gmail.com:acacialkjh
rautanggia3808@gmail.com:rautanggia
mafangpa046@gmail.com:mafangpa
thinkkingabo016@gmail.com:thinkkingabo
evinboaruund8124@gmail.com:evoylionlipps
hangrala016@gmail.com:hangrala
evinboaruund2374@gmail.com:evoylionlipps
thatdevelopmentincase651@gmail.com:trinh8888
isisallxdusen8382@gmail.com:saricritzbortz
kemdringabc405@gmail.com:kemdringabc
hauckyancy5252@gmail.com:brynadulce
srinihongblau3513@gmail.com:ellondonie
torobestsellerolo128@gmail.com:torobestsellerolo
coraymoonerny3383@gmail.com:ambiekenaz
toungevacationsion552@gmail.com:toungevacationsion
favoritedose024@gmail.com:favoritedose
bluechicabc408@gmail.com:bluechicabc
tacytraertyra5604@gmail.com:buddyhetti
brassbaiss1256@gmail.com:marlsteverayne
coweynorth5495@gmail.com:feldtaleyzara
nguyenlinhanh97728@gmail.com:go091295
thestoreabc408@gmail.com:thestoreabc
suzietowne2610@gmail.com:vannychadbetti
ddeneroyealbee9311@gmail.com:rossybusch
akiakshiro9535@gmail.com:kirashiaudorr
ehudbrodyarty6631@gmail.com:wolffarlycroix
lathebutch9371@gmail.com:bondnellaamos
darcebesse2525@gmail.com:dazeydeste
mamerhinemaggi3803@gmail.com:tefftjoshhusch
theirdose213@gmail.com:theirdose
binnicaria1922@gmail.com:ferroperla
ortizrocksonny4289@gmail.com:tevisjakin
pawongza060@gmail.com:pawongza
agnespoi5019@gmail.com:agnespoi
ddeneroyealbee5695@gmail.com:rossybusch
aliyahpoi8002@gmail.com:aliyahpoi
vinnkotzsilva6136@gmail.com:lusbytynehilda
favoritedose078@gmail.com:favoritedose
thatdevelopmentincase657@gmail.com:trinh8888
browngreenabc606@gmail.com:browngreenabc
nguyenanhhoang98710@gmail.com:go091295
favoritedose029@gmail.com:favoritedose
kemdringabc008@gmail.com:kemdringabc
darradygal5940@gmail.com:skyeisisalric
kemdringabc506@gmail.com:kemdringabc
elieharodfiden2175@gmail.com:aronafaxun
cakangxa008@gmail.com:cakangxa
troubledose307@gmail.com:troubledose
hemiqeenabc402@gmail.com:hemiqeenabc
luckymarabc205@gmail.com:luckymarabc
conanjanna4396@gmail.com:owensjadda
mafangpa003@gmail.com:mafangpa
huohlaluzskye1335@gmail.com:hoganwinni
proplemdose245@gmail.com:proplemdose
aletheapoi6001@gmail.com:aletheapoi
bolanrains7047@gmail.com:tsengcatto
pawongza031@gmail.com:pawongza
dongphonghighwin88200@gmail.com:tuan8888
saulskaledenby4993@gmail.com:gradyguion
toungevacationsion551@gmail.com:toungevacationsion
adeliapoi3029@gmail.com:adeliapoi
torobestsellerolo156@gmail.com:torobestsellerolo
hidoflamingo059@gmail.com:hidoflamingo